1,The Seafood Nonet,Greek,cheap,Upper East Side,10:42,20:51,1.1,0
2,The Seafood Grill,Korean,expensive,Long Island City,6:35,20:24,3.3,1
3,The Cheesy Grill,French,medium,Harlem,9:20,18:12,1,1
4,The Seafood Octodecet,Japanese,medium,Williamsburg,6:37,17:38,3.1,0
5,Crispy Chicken Co.,Indian,expensive,Williamsburg,6:05,21:55,3.3,1
6,The Shrimp Shack,Thai,expensive,Harlem,6:25,23:15,2.5,1
7,The Seafood Quintet,Korean,expensive,Williamsburg,10:41,21:27,4.8,0
8,The Tapas Tavern,Korean,expensive,Bushwick,11:00,18:42,2.6,0
9,Mama Mia's Pizzeria,Japanese,cheap,Park Slope,7:34,21:55,3.5,0
10,Tasty Tacos,Greek,cheap,Harlem,10:42,19:51,4.2,0
11,The Seafood Octet,Mexican,cheap,Williamsburg,11:50,22:56,1,0
12,The Seafood Sexvigintet,Mediterranean,cheap,Inwood,7:30,20:46,2.1,0
13,The Seafood Quattuordecet,Greek,medium,Astoria,7:02,22:19,4.3,0
14,The Burrito Bowl,French,medium,Park Slope,7:20,18:32,3,0
15,The Dim Sum Spot,Mediterranean,medium,Williamsburg,7:42,17:07,1.6,0
16,The Wok Stop,Mexican,expensive,Inwood,9:48,22:16,3.4,1
17,The Seafood Nonet,Greek,medium,Long Island City,7:01,22:55,1.4,0
18,The Fish Fry,Mexican,medium,Sunset Park,7:05,17:27,1.8,1
19,The Seafood Duovigintet,Chinese,cheap,Long Island City,7:57,19:04,2.8,1
20,The Seafood Nonet,Thai,expensive,Long Island City,7:44,17:16,4.7,0
21,The Seafood Buffet,Korean,expensive,Williamsburg,9:57,17:02,4.9,1
22,The Hot Dog Stand,Greek,cheap,Long Island City,11:37,17:50,2.9,1
23,The Seafood Quindecet,Indian,cheap,Park Slope,7:51,18:01,1.1,0
24,The Tapas Tavern,Thai,cheap,Harlem,8:25,20:59,1.3,1
25,The Seafood Feast,French,cheap,Sunset Park,10:36,20:47,1,0
26,The Seafood Nonet,Mexican,cheap,Astoria,11:28,22:47,1.7,0
27,The Curry House,Chinese,expensive,Bushwick,10:07,23:07,3.3,1
28,The Seafood Quattuordecet,Thai,medium,Greenwich Village,8:27,20:51,2.8,0
29,The Seafood Novemdecet,Mexican,expensive,Harlem,9:15,21:41,3.1,0
30,The Gyro Grill,Korean,medium,Williamsburg,8:09,21:18,1.2,0
31,The Falafel House,Italian,expensive,Inwood,10:34,19:42,1,0
32,The Bistro,Mexican,medium,Greenwich Village,9:12,19:14,1,0
33,The Seafood Sextet,Mediterranean,cheap,Bushwick,8:03,21:18,4.1,1
34,The Seafood Nonet,Indian,expensive,Sunset Park,9:34,21:28,4.9,0
35,The Breakfast Club,Mediterranean,cheap,Park Slope,7:17,20:19,2,0
36,The Juice Bar,Indian,medium,Upper East Side,11:47,17:36,1,1
37,The Seafood Duodecet,Italian,expensive,Sunset Park,9:52,17:56,3.5,1
38,The Seafood Platter,Greek,expensive,Upper East Side,9:06,17:15,3.6,1
39,Mama Mia's Pizzeria,Indian,expensive,Upper East Side,7:45,22:20,2.2,0
40,BBQ Barn,Mexican,expensive,Bushwick,10:01,18:56,1.7,0
41,The Sandwich Shop,Italian,medium,Long Island City,6:14,20:47,4.1,0
42,The Seafood Undecet,Japanese,cheap,Sunset Park,11:39,22:06,2.7,1
43,The Seafood Octet,Korean,cheap,Astoria,9:31,22:10,4.3,1
44,The Sushi Bar,Mediterranean,medium,Inwood,11:48,17:46,4.6,1
45,The Seafood Quartet,Korean,expensive,Park Slope,10:33,20:46,3.2,1
46,The Seafood Trevigintet,French,expensive,Inwood,8:17,17:34,4.6,0
47,The Juice Bar,Italian,medium,Park Slope,6:47,21:49,2.2,0
48,The Seafood Trevigintet,Greek,medium,Sunset Park,9:45,20:58,2.4,0
49,Pizza Palace,French,medium,Long Island City,8:34,21:54,4.5,0
50,The Seafood Septenvigintet,Chinese,cheap,Park Slope,10:15,19:31,3.4,0
51,The Seafood Novemdecet,Italian,expensive,Long Island City,7:19,19:47,2.4,0
52,The Spice Hut,Greek,cheap,Harlem,8:50,23:05,4.8,0
53,The Seafood Tredecet,Italian,medium,Astoria,6:32,20:22,3.9,0
54,The Hot Dog Stand,Greek,cheap,Park Slope,10:47,18:48,3.6,1
55,The Fish Market,Mexican,expensive,Bushwick,7:35,18:14,4.3,0
56,The Falafel House,Korean,cheap,Astoria,6:21,21:55,3.8,0
57,The Lobster Lounge,Italian,expensive,Astoria,10:42,22:25,3.7,1
58,The Hot Dog Stand,Indian,medium,Harlem,6:51,20:54,2.3,1
59,The Seafood Tower,Chinese,cheap,Harlem,10:15,22:32,3.4,1
60,Sizzling Sushi,Mediterranean,cheap,Inwood,8:30,20:55,3.1,0
61,The Fish Fry,Italian,expensive,Astoria,9:46,19:45,3,1
62,The Salad Spot,Greek,medium,Harlem,6:22,17:52,2.3,0
63,The Seafood Quindecet,Mediterranean,expensive,Bushwick,8:24,19:02,3.8,0
64,The Lobster Roll,Chinese,expensive,Bushwick,10:53,19:01,4.2,0
65,The Dim Sum Spot,French,medium,Astoria,9:39,23:37,3.5,1
66,The Hungry Panda,Indian,cheap,Bushwick,11:35,20:41,4.7,1
67,The Seafood Octodecet,Greek,expensive,Long Island City,9:23,20:45,4.6,1
68,The Seafood Quattuorvigintet,Chinese,medium,Inwood,7:18,21:29,2.9,1
69,The Seafood Platter,Mexican,medium,Bushwick,7:47,19:41,2.9,0
70,The Curry House,Japanese,cheap,Long Island City,9:04,19:04,1.2,0
71,The Seafood Quattuorvigintet,Italian,medium,Long Island City,6:29,17:39,2.2,0
72,The Seafood Quintet,Thai,expensive,Sunset Park,11:52,23:20,3.1,0
73,The Seafood Septet,Thai,expensive,Williamsburg,9:39,21:18,4.8,0
74,The Juice Bar,Japanese,cheap,Sunset Park,11:49,18:44,1.7,0
75,The Spice Hut,French,medium,Inwood,6:47,22:59,1.8,1
76,Mama Mia's Pizzeria,Thai,expensive,Park Slope,10:11,22:12,3.2,1
77,The Seafood Vigintet,Korean,medium,Greenwich Village,9:29,19:58,1,1
78,The Seafood Sexdecet,Greek,medium,Bushwick,7:04,21:53,2.5,0
79,The Sweet Tooth,Mexican,cheap,Williamsburg,6:47,22:25,3,1
80,The Seafood Quartet,Thai,expensive,Williamsburg,8:04,21:29,3.6,0
81,The Seafood Novemvigintet,Korean,cheap,Harlem,11:45,21:28,4.4,0
82,The Lobster Roll,Korean,expensive,Long Island City,10:44,21:37,3.9,0
83,The Breakfast Club,Mexican,expensive,Park Slope,7:11,17:59,4.7,0
84,The Seafood Trio,Korean,expensive,Greenwich Village,6:11,20:56,1.4,0
85,The Hungry Panda,Japanese,expensive,Astoria,6:20,17:22,2.2,1
86,The Seafood Platter,Greek,expensive,Bushwick,7:13,21:25,2.4,1
87,The Seafood Septet,Japanese,medium,Bushwick,9:07,22:47,1.5,1
88,The Crab Corner,Chinese,expensive,Sunset Park,7:14,22:33,3.2,0
89,The Seafood Quintet,Chinese,medium,Greenwich Village,11:47,23:02,2.7,0
90,The Seafood Feast,Chinese,cheap,Bushwick,10:07,23:03,2.8,0
91,The Seafood Grill,Korean,cheap,Harlem,10:51,17:34,4.7,0
92,The Seafood Vigintet,Japanese,medium,Upper East Side,11:18,21:43,2.7,0
93,The Seafood Boil,Japanese,medium,Bushwick,11:58,21:35,3.8,1
94,The Clam Shack,Indian,cheap,Harlem,10:20,17:40,2.3,1
95,The Crepe Cafe,Italian,cheap,Upper East Side,10:50,21:25,1.8,1
96,The Seafood Duovigintet,Korean,expensive,Bushwick,9:39,22:40,2.7,1
97,Pizza Palace,Italian,medium,Harlem,11:06,19:17,3.7,0
98,The Veggie Patch,Italian,medium,Williamsburg,8:25,17:07,4.7,1
99,The Crab Corner,Chinese,medium,Inwood,9:42,23:57,4,0
100,The Seafood Trio,Indian,expensive,Park Slope,7:07,21:37,4.8,1
101,The Gyro Grill,Italian,expensive,Park Slope,9:21,17:18,1.3,0
102,The Pasta Place,Indian,expensive,Inwood,10:11,20:16,2.4,0
103,The Cheesy Grill,Korean,expensive,Bushwick,9:14,19:10,1.7,0
104,The Sweet Tooth,Thai,expensive,Williamsburg,7:45,17:01,2.7,0
105,Sizzling Sushi,Thai,cheap,Harlem,11:50,23:40,5,1
106,Seafood Sensations,Mediterranean,cheap,Greenwich Village,6:01,20:55,3.6,0
107,The Seafood Duovigintet,Mexican,expensive,Harlem,8:04,22:43,2.5,0
108,The Seafood Sexvigintet,Korean,expensive,Long Island City,10:10,20:20,2.9,1
109,The Smoothie Shack,Chinese,medium,Sunset Park,7:53,21:22,3.9,1
110,The Wok Stop,Thai,expensive,Astoria,7:56,21:11,3.7,0
111,The Seafood Octet,French,medium,Bushwick,11:58,22:17,3.7,0
112,The Sweet Tooth,Thai,medium,Greenwich Village,7:34,17:05,2.1,1
113,The Seafood Vigintet,Mexican,medium,Upper East Side,10:36,21:35,1.9,0
114,The Seafood Shack,Italian,expensive,Bushwick,11:50,21:25,2.6,1
115,Taco Time,Mediterranean,expensive,Upper East Side,7:11,17:43,4.5,1
116,The Bistro,Greek,expensive,Astoria,6:03,18:27,3.9,1
117,The Fish Market,Mediterranean,medium,Park Slope,10:55,18:12,3.8,0
118,The Tapas Tavern,Mexican,cheap,Harlem,9:56,19:35,4.1,1
119,The Seafood Trigintet,Mexican,cheap,Bushwick,11:32,23:51,3.7,1
120,The Kebab Kitchen,Chinese,medium,Greenwich Village,11:20,19:36,2.7,0
121,The Seafood Septet,Mediterranean,medium,Greenwich Village,8:05,17:06,1,0
122,The Lobster Lounge,Thai,medium,Greenwich Village,9:58,17:06,4.9,1
123,The Diner,Chinese,cheap,Sunset Park,6:21,21:04,2.2,1
124,The Seafood Quattuordecet,Korean,medium,Astoria,6:35,21:58,1.3,0
125,The Seafood Unvigintet,Thai,expensive,Inwood,7:36,22:57,4.2,1
126,The Seafood Novemvigintet,Korean,medium,Inwood,11:52,17:20,1.1,0
127,The Sweet Tooth,Japanese,medium,Harlem,10:35,23:41,1.1,1
128,The Seafood Duovigintet,Greek,cheap,Greenwich Village,10:35,21:15,2.1,1
129,The Lobster Roll,Mexican,cheap,Inwood,6:29,18:46,1.3,0
130,The Gyro Grill,French,medium,Harlem,8:37,19:18,3.9,0
131,The Pasta Place,Greek,cheap,Greenwich Village,10:12,21:50,3.4,1
132,The Seafood Quartet,Japanese,medium,Williamsburg,7:45,20:09,3.6,0
133,The Pho Place,Mediterranean,expensive,Greenwich Village,9:04,18:30,4,0
134,The Seafood Septet,Mediterranean,expensive,Long Island City,6:01,18:26,3.6,0
135,The Seafood Septet,Chinese,expensive,Harlem,8:57,18:29,2.5,0
136,The Shrimp Shack,Mexican,expensive,Greenwich Village,6:40,19:30,3.3,0
137,The Seafood Duodecet,Mexican,expensive,Harlem,10:22,19:34,4.9,1
138,The Ice Cream Parlor,Chinese,medium,Bushwick,10:08,18:01,2.8,1
139,The Crepe Cafe,Korean,medium,Greenwich Village,11:14,22:11,4.8,1
140,The Seafood Nonet,Thai,cheap,Upper East Side,11:51,20:35,3.5,0
141,The Burrito Bowl,Thai,medium,Williamsburg,8:26,17:09,1.7,0
142,The Seafood Sexvigintet,Indian,expensive,Greenwich Village,11:12,19:10,1.7,1
143,The Hot Dog Stand,Greek,cheap,Bushwick,7:51,20:33,4.6,1
144,The Seafood Quattuordecet,Japanese,expensive,Inwood,7:58,20:54,1.5,0
145,The Bistro,Chinese,expensive,Inwood,8:02,20:46,3,0
146,The Seafood Nonet,Italian,cheap,Williamsburg,7:05,23:04,2.2,0
147,The Fish Fry,Thai,cheap,Williamsburg,6:20,22:03,1.1,1
148,The Seafood Trevigintet,Japanese,expensive,Bushwick,6:17,21:36,4,0
149,The Lobster Lounge,Indian,cheap,Greenwich Village,6:48,17:57,3.1,0
150,The Seafood Tower,Korean,medium,Long Island City,7:14,21:04,4.1,0
151,The Seafood Spread,Korean,medium,Sunset Park,7:07,20:10,1.5,1
152,The Seafood Spread,Chinese,expensive,Williamsburg,7:06,20:25,1.7,1
153,BBQ Barn,Greek,medium,Bushwick,10:46,23:30,3.1,1
154,Seafood Sensations,Greek,expensive,Astoria,7:47,21:25,2.9,0
155,The Seafood Feast,French,expensive,Park Slope,6:41,20:57,2.2,0
156,The Bagel Bakery,Mediterranean,medium,Greenwich Village,11:33,21:08,3.8,1
157,The Seafood Octet,Italian,expensive,Sunset Park,11:15,17:01,4.7,1
158,The Seafood Octovigintet,Mexican,cheap,Greenwich Village,8:52,20:30,2.2,1
159,Mama Mia's Pizzeria,Korean,medium,Park Slope,6:23,22:36,2.1,1
160,The Seafood Quartet,French,medium,Williamsburg,8:05,22:19,1.6,0
161,The Smoothie Shack,Mexican,expensive,Long Island City,11:32,17:49,3.1,0
162,The Cheesy Grill,Italian,cheap,Inwood,8:42,20:24,1.4,1
163,The Seafood Sextet,Korean,medium,Astoria,6:20,18:41,1.7,1
164,The Falafel House,Mediterranean,medium,Williamsburg,8:40,17:15,1.8,0
165,The Kebab Kitchen,Thai,medium,Williamsburg,8:05,19:18,4.8,0
166,The Seafood Trevigintet,Japanese,expensive,Greenwich Village,6:59,17:30,2.9,1
167,The Fish Market,Japanese,cheap,Astoria,11:32,18:23,1.9,0
168,The Seafood Trigintet,Italian,medium,Astoria,8:05,18:42,1.2,0
169,The Seafood Sextet,Mexican,medium,Long Island City,11:42,21:08,3.9,1
170,The Veggie Patch,Greek,medium,Greenwich Village,8:50,22:44,4.8,0
171,The Veggie Patch,Japanese,cheap,Sunset Park,10:29,17:24,2.2,1
172,The Seafood Octovigintet,Chinese,cheap,Sunset Park,9:10,21:34,4.7,0
173,The Lobster Roll,French,expensive,Astoria,7:44,23:11,3.7,0
174,Burger Bonanza,Italian,medium,Astoria,9:39,18:48,4.8,0
175,The Burrito Bowl,Indian,cheap,Harlem,8:54,23:07,3.2,0
176,The Fish Fry,Italian,expensive,Park Slope,8:26,20:00,1.7,0
177,The Seafood Decet,Greek,medium,Long Island City,11:43,18:14,4.4,1
178,The Seafood Boil,Japanese,expensive,Park Slope,9:27,22:56,2,1
179,The Seafood Quintet,Greek,expensive,Upper East Side,8:23,20:31,2.1,0
180,The Seafood Spread,Japanese,cheap,Inwood,11:37,17:23,4.8,1
181,The Seafood Sextet,Greek,expensive,Williamsburg,8:41,22:10,3.9,1
182,The Pasta Place,Mediterranean,medium,Sunset Park,9:53,23:39,4.7,0
183,The Seafood Sexvigintet,Japanese,expensive,Upper East Side,10:32,20:54,4.5,1
184,The Oyster Bar,French,medium,Greenwich Village,10:53,19:34,2.7,1
185,Seafood Sensations,Indian,medium,Williamsburg,8:21,17:15,2,1
186,The Seafood Boil,Japanese,medium,Inwood,6:06,21:14,1.5,1
187,The Seafood Quintet,Mexican,cheap,Williamsburg,8:06,17:34,3.6,1
188,The Cozy Cafe,Greek,medium,Astoria,9:18,19:07,3.2,0
189,The Veggie Patch,Japanese,expensive,Park Slope,7:08,17:37,3.9,0
190,The Seafood Trevigintet,Korean,cheap,Upper East Side,9:14,19:08,3.5,0
191,The Seafood Sampler,French,medium,Bushwick,9:13,19:47,1.8,1
192,The Falafel House,Greek,medium,Harlem,6:26,17:41,3.2,1
193,The Seafood Trio,Indian,cheap,Harlem,6:16,20:05,3.7,0
194,The Seafood Quattuordecet,Mexican,cheap,Upper East Side,10:31,22:45,1.2,1
195,The Cozy Cafe,Indian,medium,Long Island City,10:20,17:23,1.3,1
196,The Seafood Vigintet,Italian,medium,Harlem,10:23,17:55,1.6,0
197,Seafood Sensations,Mediterranean,cheap,Bushwick,8:25,20:56,1.5,1
198,The Seafood Trigintet,Mediterranean,medium,Inwood,6:30,20:51,3,1
199,The Seafood Trio,Mediterranean,cheap,Bushwick,7:45,23:18,5,1
200,The Juice Bar,French,medium,Sunset Park,8:38,20:07,2,0
201,Seafood Sensations,Indian,medium,Sunset Park,9:35,18:00,3.2,1
202,The Tapas Tavern,Italian,medium,Greenwich Village,11:06,19:44,4.1,1
203,The Seafood Sextet,Mediterranean,medium,Williamsburg,7:28,22:46,2.9,1
204,BBQ Barn,French,expensive,Inwood,7:02,18:47,4.8,0
205,The Hot Dog Stand,Chinese,cheap,Astoria,11:44,23:20,2.8,0
206,The Seafood Vigintet,Greek,expensive,Harlem,6:51,20:23,2.6,1
207,Seafood Sensations,Chinese,expensive,Inwood,7:02,23:35,1.5,0
208,The Seafood Grill,Italian,medium,Upper East Side,8:51,17:55,4.4,0
209,The Cozy Cafe,Japanese,medium,Greenwich Village,6:34,23:52,1.8,0
210,The Oyster Bar,Korean,cheap,Harlem,8:26,18:47,2.1,0
211,Sizzling Sushi,Greek,cheap,Greenwich Village,10:38,19:17,4.4,0
212,The Seafood Sexvigintet,Italian,expensive,Long Island City,6:39,18:17,4.6,1
213,Pizza Palace,Thai,medium,Williamsburg,7:03,21:33,1.7,0
214,The Curry House,Japanese,cheap,Bushwick,9:24,19:27,4.7,1
215,The Seafood Sexdecet,Korean,cheap,Williamsburg,10:37,22:50,1.8,0
216,The Seafood Septenvigintet,Italian,cheap,Harlem,10:37,19:05,4.4,1
217,The Ramen House,Indian,cheap,Park Slope,11:07,23:54,2.4,1
218,The Seafood Quindecet,Greek,cheap,Inwood,10:10,20:05,2.2,1
219,The Seafood Platter,Mexican,medium,Park Slope,10:24,22:35,1.9,0
220,The Seafood Tower,Indian,expensive,Harlem,8:37,21:59,3.3,1
221,The Seafood Boil,Italian,cheap,Williamsburg,8:30,23:57,3,1
222,The Smoothie Shack,French,medium,Park Slope,7:38,22:52,2.4,1
223,The Seafood Duodecet,Japanese,cheap,Sunset Park,8:24,23:41,1.1,1
224,The Seafood Octodecet,Japanese,cheap,Long Island City,10:12,17:49,1.6,0
225,The Seafood Quattuorvigintet,French,medium,Williamsburg,7:38,22:14,4.4,0
226,Taco Time,Indian,medium,Sunset Park,8:47,23:52,4.8,1
227,BBQ Barn,French,cheap,Upper East Side,9:10,17:56,2.9,1
228,The Sandwich Shop,Mediterranean,cheap,Harlem,7:16,20:20,1.1,0
229,The Pasta Place,Mediterranean,expensive,Long Island City,10:11,23:40,2.3,0
230,BBQ Barn,Chinese,medium,Williamsburg,9:20,17:28,1.8,0
231,The Sushi Bar,Italian,cheap,Bushwick,10:52,20:58,3,0
232,The Pita Pit,Chinese,expensive,Williamsburg,11:58,21:52,4.1,0
233,The Seafood Quindecet,Greek,medium,Bushwick,8:08,22:33,4.3,1
234,The Hungry Panda,Korean,expensive,Long Island City,7:28,20:36,3.4,0
235,The Seafood Grill,Mediterranean,medium,Bushwick,11:42,23:56,3.9,0
236,The Fish Market,French,cheap,Harlem,6:57,18:04,2.2,1
237,The Donut Den,Italian,expensive,Harlem,9:47,19:05,4.4,1
238,The Shrimp Shack,Mexican,cheap,Park Slope,9:09,20:27,1.5,0
239,The Shrimp Shack,Japanese,medium,Williamsburg,7:23,20:00,3.8,0
240,The Pita Pit,Mediterranean,medium,Harlem,11:02,17:46,1.9,1
241,The Lobster Roll,Mediterranean,medium,Sunset Park,6:53,17:18,4.7,0
242,Crispy Chicken Co.,Thai,expensive,Inwood,6:12,18:32,4.3,0
243,The Burrito Bowl,Chinese,cheap,Astoria,8:47,23:33,3.4,1
244,The Seafood Quindecet,Chinese,medium,Bushwick,11:40,21:51,3.7,1
245,The Hot Dog Stand,Korean,expensive,Harlem,9:11,17:27,1.4,1
246,The Lobster Lounge,French,cheap,Sunset Park,7:50,20:34,3.3,1
247,The Curry House,Japanese,expensive,Park Slope,10:45,23:13,3.4,0
248,The Seafood Octovigintet,Mexican,cheap,Harlem,6:47,21:48,1.3,1
249,The Seafood Quartet,Chinese,cheap,Long Island City,6:11,22:31,1.1,0
250,The Pho Place,Italian,cheap,Upper East Side,6:39,20:00,2.1,0
251,The Sandwich Shop,Greek,cheap,Inwood,11:33,19:56,2.6,0
252,The Seafood Boil,Thai,expensive,Williamsburg,11:53,20:04,4.5,1
253,The Seafood Novemdecet,French,medium,Greenwich Village,7:27,22:55,2,0
254,The Seafood Quattuordecet,Korean,medium,Astoria,11:27,18:03,5,1
255,Burger Bonanza,Indian,cheap,Williamsburg,7:04,21:14,2.2,1
256,The Seafood Novemdecet,Mediterranean,expensive,Astoria,10:29,17:39,1.7,1
257,The Seafood Duet,Chinese,expensive,Park Slope,10:02,20:49,2.7,1
258,Taco Time,Indian,medium,Inwood,11:32,18:01,4.5,0
259,The Seafood Duodecet,French,expensive,Greenwich Village,10:30,17:36,2.1,0
260,The Seafood Quattuordecet,Chinese,expensive,Park Slope,9:12,23:35,3.6,0
261,Sizzling Sushi,Thai,expensive,Bushwick,9:30,20:04,1.9,0
262,The Seafood Spread,Chinese,expensive,Long Island City,9:32,20:38,4,0
263,The Seafood Grill,Mediterranean,medium,Greenwich Village,7:43,23:42,1.2,1
264,The Seafood Quartet,Thai,expensive,Upper East Side,11:31,21:42,3.5,0
265,The Spice Hut,Mediterranean,expensive,Astoria,8:38,22:32,3.7,1
266,The Sweet Tooth,Italian,medium,Williamsburg,8:22,19:43,1.9,0
267,The Sushi Bar,Mexican,cheap,Inwood,11:35,23:11,2,1
268,The Seafood Novemvigintet,French,medium,Long Island City,7:56,18:36,1.2,0
269,The Burrito Bowl,French,expensive,Sunset Park,11:59,19:40,4.6,0
270,The Lobster Roll,Mediterranean,expensive,Astoria,8:59,19:25,3.9,0
271,The Salad Spot,Chinese,medium,Sunset Park,10:02,20:15,3.8,1
272,The Seafood Buffet,Chinese,cheap,Bushwick,7:41,18:08,4.1,0
273,The BBQ Joint,Italian,medium,Bushwick,7:37,21:02,1.8,1
274,The Cozy Cafe,Japanese,cheap,Sunset Park,8:40,21:30,1.5,1
275,The Cozy Cafe,Korean,cheap,Sunset Park,6:09,23:43,3.9,0
276,The Seafood Trigintet,Chinese,cheap,Astoria,6:30,20:22,4.4,0
277,The Seafood Nonet,Mexican,cheap,Bushwick,7:22,23:38,2.1,1
278,Seafood Sensations,French,cheap,Greenwich Village,11:02,20:35,1.6,0
279,The Seafood Decet,Indian,expensive,Bushwick,6:45,21:15,1.8,1
280,Mama Mia's Pizzeria,Mediterranean,cheap,Inwood,6:36,17:54,2.5,0
281,The Seafood Platter,Greek,cheap,Bushwick,9:20,17:37,3.3,1
282,The Seafood Octodecet,Greek,cheap,Astoria,11:26,21:56,5,0
283,The Seafood Quindecet,Chinese,expensive,Greenwich Village,7:28,23:07,4.9,1
284,The Donut Den,Mediterranean,cheap,Long Island City,9:38,21:15,2.8,1
285,The Salad Spot,Indian,expensive,Astoria,6:38,20:26,1.9,0
286,The Bistro,Indian,medium,Astoria,8:07,23:21,2,0
287,The Seafood Boil,Indian,expensive,Upper East Side,9:03,18:30,2.3,1
288,The Juice Bar,Japanese,medium,Williamsburg,8:35,19:37,3.1,1
289,The Seafood Octovigintet,Chinese,medium,Inwood,8:44,18:53,2.6,1
290,The Gyro Grill,Chinese,cheap,Astoria,11:45,23:35,2.2,1
291,The Gyro Grill,Greek,cheap,Long Island City,11:33,17:06,1,1
292,The Seafood Trigintet,French,cheap,Inwood,6:21,21:55,2.4,0
293,The Seafood Sexdecet,Thai,expensive,Williamsburg,6:49,23:36,1.2,1
294,The Gyro Grill,Chinese,expensive,Williamsburg,8:35,17:20,4.1,1
295,The Seafood Grill,Japanese,expensive,Greenwich Village,9:34,21:02,3,0
296,Burger Bonanza,Greek,expensive,Greenwich Village,8:04,22:37,2.6,0
297,The Seafood Buffet,Indian,expensive,Inwood,6:20,21:32,4.5,1
298,The Sushi Bar,Thai,expensive,Upper East Side,7:22,21:04,2.2,1
299,The Sandwich Shop,Greek,expensive,Park Slope,6:51,21:55,2.7,1
300,The Seafood Platter,Mediterranean,expensive,Inwood,8:00,20:42,4,1
301,The Sweet Tooth,Indian,expensive,Long Island City,9:07,19:18,3.9,1
302,The Seafood Novemdecet,Japanese,cheap,Bushwick,10:46,19:02,4.2,0
303,The Seafood Spread,Chinese,medium,Astoria,9:43,23:14,3,0
304,The Cheesy Grill,Thai,medium,Long Island City,10:41,18:44,1.6,1
305,The Seafood Duet,French,cheap,Long Island City,9:02,19:40,4.3,1
306,The Seafood Quintet,Mexican,medium,Sunset Park,7:20,21:17,3.4,1
307,The Seafood Octet,Chinese,medium,Park Slope,9:20,17:02,3.7,1
308,The Seafood Duet,French,expensive,Williamsburg,11:43,23:17,3.1,0
309,BBQ Barn,Korean,medium,Park Slope,6:12,21:27,3.4,0
310,The Hot Dog Stand,Korean,cheap,Harlem,6:25,22:27,1.9,0
311,The Bistro,Indian,medium,Upper East Side,6:33,19:11,4.3,1
312,The Seafood Quattuordecet,Chinese,cheap,Astoria,8:29,22:52,4.4,1
313,The Seafood Boil,Indian,expensive,Long Island City,10:05,21:09,1.2,1
314,Sizzling Sushi,Greek,expensive,Greenwich Village,11:18,22:35,3.4,0
315,The Seafood Tredecet,Greek,medium,Sunset Park,7:14,17:34,2.1,0
316,The Pho Place,Chinese,medium,Bushwick,10:03,23:09,1.6,0
317,The Seafood Duet,Italian,cheap,Harlem,11:26,20:22,2.8,0
318,The Dim Sum Spot,Mediterranean,expensive,Bushwick,11:06,21:33,4,0
319,The Sweet Tooth,Italian,cheap,Astoria,6:09,22:03,2.7,1
320,The Wok Stop,Italian,cheap,Williamsburg,9:53,21:27,1.5,1
321,The Coffee Corner,Mexican,cheap,Williamsburg,11:20,23:52,1.8,0
322,The Lobster Roll,French,medium,Harlem,11:16,23:35,4.8,1
323,The Burrito Bowl,Italian,cheap,Sunset Park,6:21,19:19,2.5,1
324,The Fish Fry,Thai,expensive,Park Slope,6:26,21:00,2.7,0
325,The Spice Hut,Japanese,expensive,Greenwich Village,10:04,21:38,4.9,0
326,The Seafood Nonet,Chinese,expensive,Bushwick,10:55,20:19,4.2,0
327,The Seafood Novemdecet,Greek,expensive,Greenwich Village,7:28,22:23,5,1
328,The Kebab Kitchen,Japanese,medium,Astoria,10:11,20:14,4.8,0
329,The Ramen House,Indian,cheap,Astoria,8:41,17:55,3.2,0
330,The Seafood Octet,Greek,cheap,Long Island City,8:17,21:03,1.6,0
331,The Ramen House,Indian,expensive,Sunset Park,8:58,21:07,2.3,1
332,The Crab Corner,Greek,expensive,Park Slope,7:10,20:14,1.7,0
333,The Seafood Sextet,Chinese,medium,Park Slope,9:38,22:03,2.6,1
334,Noodle Nook,Italian,cheap,Park Slope,9:08,20:27,1,0
335,The Seafood Undecet,Chinese,cheap,Greenwich Village,9:18,17:16,3.4,0
336,The Seafood Feast,Greek,cheap,Astoria,7:18,23:58,1.6,1
337,The Seafood Trigintet,Mexican,cheap,Park Slope,6:26,21:15,4.2,0
338,The Seafood Grill,Chinese,expensive,Sunset Park,8:52,21:05,2.5,0
339,The Coffee Corner,French,expensive,Inwood,11:44,23:22,3.5,0
340,The Seafood Trigintet,Mexican,cheap,Upper East Side,10:55,17:36,4.6,1
341,Seafood Sensations,Korean,expensive,Park Slope,8:02,19:36,2.3,0
342,The Breakfast Club,French,medium,Harlem,11:43,20:24,4.7,1
343,The BBQ Joint,Chinese,medium,Upper East Side,10:26,19:31,4.5,0
344,The Seafood Quindecet,Japanese,medium,Greenwich Village,6:19,19:13,3.5,0
345,The Curry House,Korean,medium,Upper East Side,11:25,21:59,4.9,1
346,The Hot Dog Stand,Mediterranean,cheap,Inwood,8:03,17:08,3.1,1
347,Tasty Tacos,Greek,cheap,Upper East Side,10:55,22:16,4.3,1
348,The Seafood Duovigintet,Japanese,expensive,Inwood,11:10,19:10,4.2,0
349,The Burrito Bowl,French,expensive,Greenwich Village,8:10,22:46,2.1,0
350,The Lobster Lounge,Mediterranean,medium,Long Island City,11:16,18:34,3.3,1
351,The Wok Stop,Mexican,medium,Harlem,11:51,18:18,1.8,1
352,Wing World,Mexican,expensive,Bushwick,8:45,23:24,1.4,1
353,The Clam Shack,Greek,medium,Williamsburg,6:54,20:47,2.8,1
354,Mama Mia's Pizzeria,Mediterranean,medium,Harlem,10:29,22:48,1.9,0
355,The Seafood Sextet,Korean,medium,Long Island City,7:02,20:28,1.2,0
356,The Sandwich Shop,Greek,expensive,Upper East Side,10:20,21:29,4.5,0
357,The Seafood Octodecet,Japanese,expensive,Bushwick,10:53,20:37,1.4,1
358,The Seafood Novemdecet,Italian,expensive,Upper East Side,8:20,21:42,3,0
359,The Kebab Kitchen,French,cheap,Sunset Park,9:52,19:14,3.4,0
360,The Seafood Octodecet,Italian,cheap,Long Island City,7:07,18:13,4.8,1
361,The BBQ Joint,French,expensive,Bushwick,9:57,19:20,4.5,0
362,The Lobster Roll,Indian,medium,Upper East Side,9:35,19:20,3.6,1
363,The Seafood Quintet,Chinese,expensive,Sunset Park,6:20,17:46,1.3,0
364,Taco Time,Chinese,medium,Harlem,11:26,17:53,4.7,1
365,The Ice Cream Parlor,Italian,medium,Sunset Park,10:33,19:32,4.6,1
366,The Crab Corner,Mediterranean,cheap,Park Slope,8:30,22:26,2,0
367,The BBQ Joint,Chinese,expensive,Harlem,10:05,19:44,2.1,1
368,The Diner,Indian,expensive,Park Slope,10:13,23:12,3.8,0
369,The Seafood Unvigintet,Japanese,cheap,Upper East Side,11:45,23:24,5,1
370,The Fish Fry,Indian,expensive,Upper East Side,8:41,17:25,3.9,0
371,The Kebab Kitchen,French,cheap,Harlem,6:28,21:57,1.3,0
372,The Fish Fry,Chinese,cheap,Park Slope,7:01,19:46,2.2,0
373,The Hot Dog Stand,Mediterranean,medium,Park Slope,6:11,23:15,2.5,1
374,The Seafood Quattuorvigintet,Korean,cheap,Williamsburg,11:17,20:53,4.2,0
375,Pizza Palace,Chinese,expensive,Sunset Park,11:25,18:54,2.4,0
376,The Shrimp Shack,French,expensive,Williamsburg,10:14,20:52,4.8,0
377,The Seafood Sexvigintet,Indian,expensive,Long Island City,9:50,19:43,3.9,0
378,The Falafel House,Japanese,medium,Park Slope,8:56,18:05,3.1,1
379,The Fish Market,French,expensive,Park Slope,7:53,20:58,1.7,0
380,The Diner,Italian,cheap,Inwood,10:19,22:34,1.7,0
381,The Seafood Trigintet,Korean,medium,Harlem,10:05,19:57,2.8,1
382,The Kebab Kitchen,Indian,cheap,Long Island City,11:50,20:40,1.4,1
383,The Seafood Septet,Greek,cheap,Inwood,8:12,20:53,2.4,0
384,The Lobster Lounge,Chinese,expensive,Bushwick,8:52,19:28,1.5,1
385,The Falafel House,Mexican,expensive,Astoria,10:58,17:23,2.7,1
386,The Tapas Tavern,Indian,cheap,Park Slope,6:31,20:46,3,0
387,The Seafood Septendecet,Indian,medium,Sunset Park,9:23,21:13,4.1,1
388,The Cozy Cafe,Mexican,medium,Astoria,8:28,18:30,2.2,1
389,Taco Time,Mexican,cheap,Bushwick,10:24,21:40,1.8,0
390,Crispy Chicken Co.,Mediterranean,cheap,Inwood,11:38,20:57,3,0
391,The Dim Sum Spot,Korean,expensive,Park Slope,7:42,22:39,5,0
392,The Seafood Undecet,Mediterranean,expensive,Harlem,8:31,17:20,1.4,1
393,The Seafood Quattuordecet,Chinese,medium,Upper East Side,7:39,19:51,3.6,1
394,The Seafood Tower,Indian,expensive,Astoria,9:51,22:07,3.1,0
395,The Seafood Tredecet,Japanese,expensive,Park Slope,6:34,20:00,3.8,1
396,The Juice Bar,Korean,medium,Inwood,11:35,17:43,4.4,1
397,The Donut Den,Thai,cheap,Greenwich Village,6:37,20:23,4.8,0
398,The Kebab Kitchen,Chinese,expensive,Upper East Side,9:49,23:17,2.6,1
399,The Clam Shack,Mexican,medium,Astoria,11:09,21:27,1.1,0
400,The Bistro,Indian,cheap,Long Island City,8:22,20:16,4.1,1
401,The Seafood Tower,Italian,cheap,Sunset Park,11:12,19:38,3.7,0
402,Burger Bonanza,Indian,expensive,Greenwich Village,6:28,21:03,2.4,0
403,Wing World,Indian,cheap,Park Slope,6:34,18:09,2.4,0
404,The Seafood Octodecet,Greek,expensive,Inwood,11:03,19:59,4.9,1
405,The Seafood Octet,Chinese,medium,Greenwich Village,9:57,17:32,3.8,1
406,The Smoothie Shack,Italian,cheap,Sunset Park,6:01,23:52,3.3,0
407,The Seafood Octovigintet,Japanese,cheap,Harlem,9:21,22:38,4.1,0
408,The Seafood Septet,French,cheap,Park Slope,8:42,21:18,2,1
409,Brews & Bites,Korean,expensive,Bushwick,11:59,22:07,1.1,0
410,The Curry House,Thai,expensive,Astoria,6:54,22:35,5,0
411,The Seafood Sexdecet,Mexican,expensive,Williamsburg,10:11,20:34,4.9,1
412,The Sweet Tooth,Thai,cheap,Upper East Side,6:35,20:18,1.9,1
413,The Pho Place,Italian,expensive,Astoria,7:23,22:20,4.2,0
414,The Seafood Buffet,Chinese,expensive,Inwood,7:17,22:54,3.6,1
415,The Seafood Sampler,Korean,medium,Upper East Side,6:45,22:13,4.9,0
416,The Fish Fry,Mexican,cheap,Inwood,9:09,19:43,2.2,1
417,Pizza Palace,Greek,medium,Williamsburg,6:48,19:11,2.4,0
418,The Spice Hut,Thai,medium,Bushwick,10:55,17:33,2.8,0
419,The Cozy Cafe,Indian,expensive,Sunset Park,9:35,22:29,3.7,1
420,The Pho Place,Thai,cheap,Inwood,11:03,18:52,5,1
421,The Diner,Thai,cheap,Long Island City,7:19,23:38,3.2,0
422,The Seafood Sampler,Greek,medium,Harlem,7:48,22:22,1.4,0
423,The Cheesy Grill,Korean,medium,Long Island City,6:12,22:04,4.2,1
424,Crispy Chicken Co.,French,expensive,Bushwick,10:43,22:02,3.3,1
425,The Breakfast Club,French,medium,Inwood,6:53,20:31,2.3,1
426,The BBQ Joint,Greek,expensive,Park Slope,8:41,21:24,1.7,1
427,The Tapas Tavern,Mexican,expensive,Sunset Park,10:35,18:41,4.3,0
428,The Curry House,Indian,medium,Sunset Park,7:16,20:44,2,0
429,The Tapas Tavern,Italian,medium,Harlem,11:01,22:32,2.6,0
430,The Pho Place,French,medium,Park Slope,11:47,22:07,1.4,1
431,The Seafood Trevigintet,Korean,medium,Inwood,11:46,21:57,2.5,0
432,The Seafood Sextet,Mediterranean,cheap,Greenwich Village,7:13,22:46,3.8,0
433,The Juice Bar,Mexican,medium,Sunset Park,11:29,22:34,3.9,1
434,The Cozy Cafe,Korean,expensive,Astoria,9:18,23:38,4.4,1
435,The Pasta Place,Thai,expensive,Upper East Side,7:02,21:16,1.6,0
436,Noodle Nook,Chinese,medium,Inwood,10:17,21:51,3.1,0
437,The Seafood Quinquavigintet,Italian,cheap,Long Island City,10:35,17:01,1.8,0
438,The Seafood Quattuordecet,Greek,medium,Sunset Park,7:00,21:18,1.8,0
439,Wing World,Thai,expensive,Greenwich Village,8:25,17:33,1.8,0
440,Noodle Nook,Greek,cheap,Inwood,10:53,23:41,3.8,0
441,The Seafood Septet,Thai,medium,Astoria,7:45,22:54,4.9,0
442,The Pita Pit,Italian,cheap,Long Island City,7:53,17:18,3.4,0
443,The Seafood Quintet,Chinese,cheap,Harlem,7:23,22:22,4.7,1
444,The Seafood Shack,Chinese,cheap,Astoria,11:42,18:16,4.8,1
445,The Seafood Octovigintet,Chinese,cheap,Williamsburg,9:15,19:32,1.6,0
446,The Burrito Bowl,Korean,medium,Astoria,8:50,18:36,1.6,0
447,The Seafood Septenvigintet,Mediterranean,medium,Upper East Side,10:53,17:16,3.9,0
448,The Ice Cream Parlor,French,cheap,Greenwich Village,7:23,21:27,4,0
449,The Seafood Septet,Mexican,expensive,Greenwich Village,6:00,18:56,4.9,1
450,The Seafood Trevigintet,Thai,medium,Upper East Side,7:46,21:30,4.4,1
451,The Tapas Tavern,Korean,medium,Williamsburg,9:26,20:00,1.3,0
452,The Seafood Quartet,Indian,expensive,Park Slope,7:39,21:58,2.7,1
453,The Seafood Undecet,Japanese,expensive,Park Slope,11:32,20:16,4.5,0
454,The Seafood Septendecet,Mediterranean,cheap,Harlem,6:18,20:50,4.7,0
455,The Clam Shack,French,expensive,Sunset Park,8:28,21:12,4.3,0
456,The Seafood Quartet,Chinese,expensive,Bushwick,6:33,21:09,4.9,1
457,The Seafood Septendecet,Chinese,medium,Bushwick,9:50,23:45,5,1
458,The BBQ Joint,Chinese,cheap,Upper East Side,7:54,22:02,1.1,0
459,The Seafood Duovigintet,Mediterranean,medium,Park Slope,11:32,22:57,4.1,0
460,The Seafood Undecet,Greek,expensive,Greenwich Village,9:12,19:09,3.4,1
461,The Curry House,Italian,expensive,Williamsburg,7:34,20:04,1.5,1
462,The Crepe Cafe,Indian,expensive,Sunset Park,6:48,20:35,2.4,1
463,The Seafood Quartet,Mediterranean,expensive,Harlem,6:16,21:53,4,0
464,The Seafood Quintet,Indian,cheap,Astoria,7:25,22:57,3.7,0
465,The Cozy Cafe,French,medium,Sunset Park,11:34,18:33,2.7,0
466,The Breakfast Club,Italian,cheap,Inwood,7:23,18:46,1.6,0
467,Taco Time,Korean,expensive,Park Slope,9:16,23:19,4.4,1
468,The Bistro,Greek,expensive,Bushwick,11:07,18:17,4.8,1
469,The Seafood Novemdecet,Greek,cheap,Bushwick,7:56,19:10,1.8,0
470,The Seafood Duovigintet,Mexican,expensive,Upper East Side,9:56,17:06,4,0
471,The Gyro Grill,Korean,medium,Inwood,7:48,19:34,4.3,1
472,The Seafood Septenvigintet,Italian,expensive,Upper East Side,8:57,21:57,4.2,0
473,The Seafood Sexvigintet,Greek,cheap,Bushwick,7:06,19:17,1.8,1
474,The Dim Sum Spot,Thai,cheap,Upper East Side,9:58,19:21,1.8,0
475,Burger Bonanza,French,medium,Park Slope,8:10,20:27,1.4,0
476,The Bagel Bakery,Japanese,expensive,Harlem,9:20,17:49,1.8,0
477,The Sweet Tooth,Chinese,medium,Sunset Park,7:15,23:54,3.7,0
478,The Cozy Cafe,Chinese,medium,Inwood,10:30,18:48,2.3,0
479,The Kebab Kitchen,Japanese,expensive,Greenwich Village,10:13,22:34,1.1,1
480,The Seafood Duovigintet,Italian,cheap,Long Island City,7:06,23:00,1.2,0
481,The Seafood Boil,Thai,expensive,Upper East Side,9:58,22:23,4.7,0
482,Seafood Sensations,Chinese,expensive,Greenwich Village,9:19,20:23,2.3,1
483,The Seafood Quintet,French,medium,Inwood,8:25,20:08,4.6,1
484,The Sushi Bar,Greek,cheap,Inwood,10:32,23:25,2.3,1
485,The Seafood Tower,Indian,expensive,Greenwich Village,11:54,23:34,1.2,1
486,The Smoothie Shack,Thai,medium,Williamsburg,8:58,21:52,4.1,1
487,The Spice Hut,Korean,expensive,Park Slope,10:13,23:54,3.4,0
488,The Pho Place,Mexican,expensive,Astoria,8:45,21:29,2.7,1
489,The Seafood Novemvigintet,Korean,medium,Upper East Side,9:34,23:42,1,0
490,The Pho Place,Chinese,medium,Astoria,8:45,20:34,1.2,1
491,The Sushi Bar,Korean,cheap,Astoria,11:34,17:51,1.6,1
492,The Seafood Septenvigintet,Mediterranean,medium,Williamsburg,6:54,18:49,2.3,0
493,The Seafood Grill,Chinese,medium,Astoria,7:41,19:14,3.1,0
494,The Fish Market,Japanese,medium,Williamsburg,11:42,18:57,3.9,1
495,The Seafood Nonet,Mexican,cheap,Harlem,6:42,21:03,1.2,1
496,The Lobster Lounge,Chinese,cheap,Bushwick,10:44,21:21,3.9,1
497,Seafood Sensations,Chinese,cheap,Bushwick,6:06,19:40,4.9,0
498,The Spice Hut,Italian,medium,Astoria,7:10,21:15,3.6,1
499,The Seafood Sexdecet,Greek,expensive,Williamsburg,9:49,21:20,3.8,1
500,Wing World,Italian,expensive,Sunset Park,9:24,20:36,2.7,0
501,Noodle Nook,Chinese,expensive,Greenwich Village,11:55,20:52,2.7,1
502,The Seafood Undecet,Chinese,cheap,Williamsburg,6:20,22:06,3.6,0
503,The Lobster Lounge,Indian,medium,Harlem,6:19,19:05,1.5,1
504,The Seafood Quindecet,Italian,expensive,Harlem,8:30,19:55,2.3,1
505,The Seafood Trevigintet,French,medium,Long Island City,10:58,23:17,2.8,0
506,Tasty Tacos,Greek,expensive,Upper East Side,9:48,19:46,1.3,1
507,The Kebab Kitchen,Japanese,expensive,Harlem,6:59,17:53,4.2,0
508,The Sandwich Shop,French,expensive,Greenwich Village,11:44,23:33,3.3,1
509,The Seafood Spread,Thai,medium,Park Slope,10:15,19:04,4.9,0
510,The Lobster Lounge,Greek,medium,Upper East Side,8:08,19:14,4.5,1
511,The Wok Stop,Mediterranean,expensive,Park Slope,8:27,21:42,4.1,1
512,The Seafood Octovigintet,Korean,expensive,Astoria,6:31,17:52,4.5,0
513,Burger Bonanza,Chinese,cheap,Park Slope,9:37,17:07,4.5,1
514,The Seafood Trigintet,Italian,expensive,Long Island City,6:59,20:23,2.8,0
515,The Seafood Novemdecet,Indian,expensive,Sunset Park,6:01,21:13,1.4,1
516,The Seafood Septendecet,Thai,expensive,Harlem,9:01,21:06,2.6,0
517,The Kebab Kitchen,Mexican,cheap,Bushwick,11:02,19:39,4.3,0
518,The Seafood Septet,Chinese,cheap,Harlem,7:16,22:37,2.1,1
519,The Seafood Grill,French,cheap,Inwood,7:05,23:58,2.1,1
520,The Oyster Bar,Indian,cheap,Bushwick,8:18,20:17,2.2,1
521,Mama Mia's Pizzeria,Japanese,medium,Harlem,10:52,21:03,3.2,0
522,The Seafood Sextet,Italian,medium,Park Slope,6:27,18:37,4.9,0
523,The Seafood Sextet,Chinese,medium,Inwood,11:15,20:49,1.4,1
524,The Salad Spot,Mexican,cheap,Williamsburg,6:50,22:08,1.6,0
525,Noodle Nook,Indian,expensive,Inwood,8:22,23:32,1.6,1
526,The Hot Dog Stand,French,cheap,Long Island City,6:42,21:54,2.2,0
527,The Seafood Quattuordecet,Indian,medium,Upper East Side,9:51,22:30,4.5,1
528,The Veggie Patch,Italian,medium,Park Slope,8:03,17:20,4.5,0
529,The Seafood Quindecet,French,cheap,Bushwick,11:47,18:21,2.7,1
530,The Seafood Unvigintet,Italian,medium,Astoria,6:14,23:57,3.5,1
531,The Lobster Roll,Mexican,cheap,Harlem,10:31,19:06,4.2,1
532,The Seafood Nonet,Chinese,medium,Inwood,9:57,17:23,2.7,0
533,The Coffee Corner,Greek,medium,Sunset Park,10:13,21:42,1,0
534,The Seafood Grill,Mediterranean,cheap,Williamsburg,9:30,19:00,4.5,1
535,Mama Mia's Pizzeria,Thai,medium,Williamsburg,9:30,19:20,2.9,1
536,The Seafood Tredecet,Italian,medium,Inwood,11:40,18:46,1.5,0
537,The Cheesy Grill,Thai,expensive,Park Slope,7:57,18:15,3.4,1
538,The Lobster Lounge,Indian,expensive,Greenwich Village,9:38,18:05,4.2,0
539,The BBQ Joint,Mexican,medium,Upper East Side,8:50,18:21,4.3,0
540,The Seafood Sampler,Indian,cheap,Park Slope,7:28,19:43,4.4,0
541,The Seafood Sampler,Greek,cheap,Astoria,8:03,23:49,1.8,0
542,The Seafood Nonet,Chinese,medium,Inwood,9:20,23:54,4.8,1
543,The Spice Hut,Japanese,expensive,Williamsburg,7:34,20:07,2.1,1
544,The Seafood Feast,Chinese,cheap,Sunset Park,10:00,23:14,3.4,1
545,The Seafood Undecet,French,medium,Sunset Park,11:27,17:39,4.4,1
546,The Seafood Octet,Mediterranean,medium,Greenwich Village,11:05,18:32,4.8,1
547,Seafood Sensations,Japanese,medium,Inwood,8:09,20:30,4.4,0
548,The Seafood Unvigintet,Mediterranean,cheap,Sunset Park,9:51,17:05,1.5,0
549,The Seafood Septendecet,Chinese,medium,Greenwich Village,10:08,21:25,1.6,1
550,The Seafood Duodecet,Korean,medium,Park Slope,7:50,17:28,1.7,0
551,Taco Time,French,medium,Inwood,8:02,18:59,4.4,0
552,The Cheesy Grill,Indian,cheap,Harlem,7:38,21:32,1.5,0
553,The Seafood Duovigintet,Mediterranean,medium,Inwood,6:20,23:52,4.8,1
554,The Sushi Bar,French,expensive,Inwood,6:58,20:29,2.7,1
555,The Seafood Quinquavigintet,French,medium,Williamsburg,8:54,21:20,3.9,1
556,The Veggie Patch,French,cheap,Inwood,11:58,20:42,4.8,1
557,The Seafood Trigintet,French,cheap,Bushwick,10:24,17:57,1.5,1
558,The Seafood Quartet,Mexican,medium,Harlem,10:36,18:55,2.6,0
559,The Sushi Bar,Korean,cheap,Astoria,9:43,23:39,1.7,1
560,The Smoothie Shack,Chinese,cheap,Williamsburg,7:55,21:14,4.3,0
561,The Seafood Unvigintet,Thai,medium,Harlem,10:35,19:19,2.5,1
562,The Ice Cream Parlor,Italian,medium,Inwood,6:36,19:14,3.3,1
563,The Seafood Nonet,Thai,medium,Long Island City,7:35,22:34,4.7,1
564,The Seafood Octet,Japanese,medium,Bushwick,6:30,17:29,4.6,0
565,The Seafood Sampler,Mediterranean,medium,Astoria,9:11,19:50,4.5,0
566,The Seafood Octovigintet,Thai,expensive,Harlem,10:35,21:27,1.1,1
567,The Seafood Quattuordecet,Chinese,medium,Astoria,8:34,23:44,2.3,0
568,The Seafood Nonet,Japanese,expensive,Bushwick,8:24,19:14,4.8,1
569,The Seafood Quinquavigintet,Chinese,cheap,Williamsburg,7:53,22:43,1.8,0
570,The Seafood Duodecet,Mediterranean,medium,Harlem,10:29,20:48,4.9,0
571,The Hot Dog Stand,Korean,cheap,Sunset Park,9:13,23:11,1.9,0
572,The Seafood Septenvigintet,Japanese,expensive,Astoria,10:11,17:57,2.1,1
573,The Seafood Quattuordecet,Mediterranean,cheap,Sunset Park,10:59,17:37,2,0
574,The Bistro,Chinese,cheap,Astoria,11:56,21:30,3.6,0
575,The Spice Hut,Japanese,cheap,Astoria,9:14,22:15,4,1
576,Crispy Chicken Co.,Chinese,medium,Astoria,10:41,22:10,3.8,0
577,The Burrito Bowl,Indian,cheap,Long Island City,10:06,18:18,4,1
578,The Donut Den,Greek,medium,Greenwich Village,11:26,22:40,4.4,0
579,The Lobster Roll,Japanese,cheap,Astoria,9:26,18:34,2.4,1
580,The Seafood Sexvigintet,Greek,expensive,Greenwich Village,11:18,21:13,2.7,0
581,Taco Time,Thai,medium,Sunset Park,10:17,17:51,1.7,0
582,The Spice Hut,Greek,medium,Bushwick,11:31,21:35,4.2,1
583,The Seafood Undecet,Mediterranean,cheap,Williamsburg,11:48,22:40,4.2,0
584,The Falafel House,Thai,expensive,Upper East Side,10:03,19:50,3.1,1
585,Sizzling Sushi,Greek,expensive,Williamsburg,11:52,20:55,4,0
586,The Seafood Quinquavigintet,Thai,expensive,Park Slope,11:29,18:55,2,1
587,The Seafood Sampler,Italian,expensive,Harlem,9:43,19:07,1.7,1
588,The Coffee Corner,Greek,expensive,Williamsburg,10:33,17:40,2.8,1
589,The Lobster Roll,Chinese,medium,Park Slope,6:39,20:22,4.8,0
590,The Seafood Duet,Greek,medium,Long Island City,11:23,17:04,2.1,1
591,The Ice Cream Parlor,Chinese,cheap,Williamsburg,9:07,19:36,1.9,0
592,Tasty Tacos,Greek,cheap,Williamsburg,8:05,19:08,4.7,0
593,Brews & Bites,Thai,medium,Greenwich Village,8:29,20:11,1.1,0
594,The Cozy Cafe,Korean,medium,Park Slope,9:20,19:37,4.5,1
595,The Pasta Place,Chinese,medium,Upper East Side,6:33,18:58,3.8,1
596,The Pho Place,French,medium,Williamsburg,10:18,23:27,3.6,0
597,The Crab Corner,Indian,cheap,Sunset Park,7:38,20:51,3.8,0
598,The Seafood Tredecet,Italian,cheap,Inwood,9:24,18:24,3.6,0
599,The Cheesy Grill,Chinese,expensive,Astoria,7:04,21:07,4.9,1
600,The Gyro Grill,Indian,medium,Sunset Park,10:04,20:20,2.8,1
601,The Seafood Trigintet,Greek,cheap,Long Island City,9:07,21:56,2.8,1
602,The Bistro,Mediterranean,expensive,Long Island City,6:27,19:28,3,0
603,The Seafood Platter,Mexican,cheap,Inwood,7:46,22:02,4.1,1
604,The Seafood Quintet,Mexican,medium,Bushwick,7:31,21:14,2.2,1
605,The Ramen House,Indian,expensive,Williamsburg,6:02,23:46,3.4,1
606,Seafood Sensations,Greek,expensive,Harlem,10:57,20:06,1.2,1
607,The Seafood Sextet,Italian,medium,Long Island City,6:14,17:26,2.2,1
608,The Seafood Sexvigintet,Mediterranean,expensive,Greenwich Village,9:24,21:48,1.9,0
609,The Spice Hut,Mediterranean,expensive,Sunset Park,9:41,17:18,4.8,1
610,The Smoothie Shack,Thai,expensive,Bushwick,6:34,23:57,3.5,1
611,The Seafood Unvigintet,Japanese,cheap,Greenwich Village,11:06,23:40,3.1,0
612,The Juice Bar,Chinese,expensive,Sunset Park,6:23,18:32,1.8,0
613,The Bagel Bakery,Italian,cheap,Greenwich Village,7:29,20:42,4.9,0
614,The Seafood Unvigintet,Greek,expensive,Park Slope,9:43,21:28,2.2,0
615,The Seafood Octodecet,Greek,expensive,Harlem,9:35,19:46,1.8,0
616,The Seafood Nonet,Chinese,medium,Williamsburg,6:47,21:01,2.9,1
617,The Bagel Bakery,Japanese,cheap,Williamsburg,11:26,20:37,2.3,1
618,The Seafood Septenvigintet,Korean,medium,Sunset Park,9:24,19:36,3.5,0
619,Wing World,Thai,medium,Long Island City,7:28,20:31,1.1,1
620,The Seafood Nonet,Chinese,medium,Williamsburg,11:41,21:53,4.3,1
621,The Seafood Nonet,Mediterranean,cheap,Inwood,7:08,18:12,1.3,0
622,The Seafood Quindecet,Mediterranean,expensive,Astoria,11:53,19:20,2.9,0
623,The Seafood Boil,Korean,cheap,Harlem,7:28,20:08,3.3,1
624,The Seafood Novemdecet,Chinese,cheap,Greenwich Village,8:11,21:34,2.4,0
625,The Seafood Novemvigintet,Mexican,cheap,Upper East Side,9:28,17:06,2.7,1
626,The Seafood Septet,Thai,medium,Park Slope,9:18,20:19,1.4,1
627,Crispy Chicken Co.,Japanese,medium,Greenwich Village,11:50,22:52,1.4,1
628,The Gyro Grill,Chinese,cheap,Bushwick,10:12,19:52,3.8,0
629,The Seafood Octet,Italian,expensive,Williamsburg,8:39,20:27,3.8,0
630,The Hot Dog Stand,Italian,expensive,Williamsburg,8:48,18:06,3.7,0
631,The Seafood Sextet,Mediterranean,medium,Greenwich Village,8:05,23:54,1.5,1
632,The BBQ Joint,Italian,medium,Greenwich Village,9:54,19:24,3.8,1
633,The Pasta Place,Mediterranean,medium,Greenwich Village,7:53,22:27,1.9,1
634,The Seafood Shack,Indian,cheap,Williamsburg,6:37,17:37,4.3,0
635,The Seafood Boil,Japanese,medium,Astoria,7:33,18:23,3.8,0
636,The Seafood Novemvigintet,Italian,expensive,Astoria,10:57,21:38,1.8,1
637,The Coffee Corner,French,cheap,Long Island City,9:08,18:20,2.8,1
638,The Tapas Tavern,French,cheap,Bushwick,7:30,19:38,3,1
639,Sizzling Sushi,Greek,medium,Greenwich Village,7:50,23:52,4,0
640,The Seafood Trigintet,French,medium,Bushwick,7:55,22:09,4.8,1
641,The BBQ Joint,Mediterranean,cheap,Park Slope,7:43,19:55,2.2,0
642,The Seafood Novemvigintet,Mexican,expensive,Williamsburg,8:48,19:55,1.5,1
643,The Shrimp Shack,Japanese,expensive,Astoria,6:57,20:52,2.3,1
644,The Seafood Septet,Italian,medium,Greenwich Village,6:45,21:55,3.2,1
645,The Seafood Buffet,Greek,cheap,Harlem,7:46,19:00,3.8,0
646,The Seafood Tower,Italian,cheap,Park Slope,7:43,21:08,2.8,0
647,The Seafood Septet,Greek,expensive,Astoria,8:31,21:23,4.6,1
648,The Hot Dog Stand,Korean,medium,Sunset Park,10:25,18:55,2.9,1
649,The Seafood Sextet,Korean,expensive,Inwood,11:33,18:02,1.6,0
650,The Seafood Sexdecet,French,cheap,Sunset Park,7:41,21:59,4.9,1
651,The Seafood Platter,Italian,expensive,Astoria,9:37,17:41,3.8,0
652,The Seafood Feast,Mexican,cheap,Bushwick,8:17,22:12,1.1,1
653,Mama Mia's Pizzeria,Indian,cheap,Upper East Side,10:16,23:16,4.6,1
654,The Seafood Platter,French,expensive,Sunset Park,9:16,22:21,3.9,1
655,The Fish Market,Japanese,cheap,Park Slope,6:09,19:26,3.2,1
656,The Seafood Nonet,Greek,cheap,Greenwich Village,6:39,18:01,5,1
657,Burger Bonanza,Italian,medium,Astoria,10:46,19:59,4.9,1
658,The BBQ Joint,Indian,expensive,Greenwich Village,8:09,19:36,4.8,0
659,The Pita Pit,Mexican,cheap,Astoria,8:28,20:20,1.6,0
660,The Seafood Sampler,Greek,cheap,Harlem,11:27,22:31,4.6,1
661,The Seafood Quintet,Italian,medium,Sunset Park,11:25,17:10,1.3,1
662,The Gyro Grill,Italian,expensive,Sunset Park,9:15,21:30,2.2,0
663,The Seafood Septendecet,Greek,expensive,Inwood,11:14,17:49,3.8,1
664,The Hot Dog Stand,Korean,cheap,Long Island City,8:49,17:28,4.5,0
665,The Smoothie Shack,French,medium,Park Slope,6:13,23:52,2.2,0
666,The Seafood Feast,Italian,medium,Park Slope,6:10,20:54,1.3,0
667,BBQ Barn,Mexican,medium,Upper East Side,11:58,20:37,3.8,0
668,The Wok Stop,French,cheap,Bushwick,9:43,19:25,2.7,0
669,The Sushi Bar,Japanese,medium,Williamsburg,6:03,17:40,1.5,1
670,The Seafood Tredecet,Indian,expensive,Astoria,8:04,23:28,2.8,1
671,The Diner,French,medium,Williamsburg,6:47,23:44,2.1,1
672,The Seafood Sexdecet,Chinese,medium,Long Island City,9:25,20:58,1.7,1
673,The Seafood Duovigintet,Chinese,cheap,Williamsburg,7:13,20:29,1,1
674,The Seafood Sextet,Mexican,expensive,Astoria,10:13,18:23,4.5,1
675,The Seafood Quintet,Korean,expensive,Long Island City,11:21,20:08,2,1
676,The Dim Sum Spot,Korean,expensive,Harlem,11:45,22:43,2.6,0
677,The Seafood Quartet,Japanese,expensive,Harlem,6:45,20:50,1.2,0
678,The Breakfast Club,Greek,cheap,Inwood,9:12,20:42,3.2,1
679,The Seafood Quartet,Greek,medium,Astoria,9:08,20:44,2.4,1
680,The Breakfast Club,Korean,medium,Long Island City,8:00,19:58,1.1,0
681,The Seafood Sexvigintet,Chinese,expensive,Upper East Side,10:30,17:07,2.2,1
682,The Cozy Cafe,Korean,medium,Bushwick,11:14,18:19,2,0
683,The Breakfast Club,Italian,medium,Upper East Side,11:09,17:27,2.1,1
684,The Spice Hut,Korean,cheap,Inwood,9:16,21:29,2.4,0
685,The Burrito Bowl,Korean,medium,Bushwick,10:05,21:21,4.7,1
686,The Seafood Tredecet,Thai,medium,Harlem,6:29,20:45,2.8,1
687,The Seafood Quartet,Chinese,expensive,Park Slope,6:56,19:41,3.5,1
688,The Seafood Trigintet,Indian,cheap,Long Island City,11:05,19:48,3,1
689,The Fish Fry,French,expensive,Upper East Side,8:57,19:41,4.9,0
690,The Seafood Buffet,Japanese,medium,Astoria,8:33,19:16,2.8,0
691,The Seafood Feast,French,medium,Astoria,8:19,21:18,4.6,0
692,The Seafood Nonet,Korean,expensive,Bushwick,7:47,20:25,1.3,0
693,The Wok Stop,Mediterranean,medium,Bushwick,11:12,22:50,4.7,1
694,The Spice Hut,Korean,expensive,Long Island City,9:37,21:53,4.9,0
695,The Crab Corner,Mexican,medium,Astoria,6:40,22:03,4.4,1
696,The Smoothie Shack,Indian,cheap,Williamsburg,6:11,21:58,3.2,1
697,The Seafood Septet,Mediterranean,cheap,Long Island City,9:40,17:45,1.2,1
698,The Seafood Quindecet,Chinese,cheap,Long Island City,8:38,17:33,3.6,0
699,The Coffee Corner,Mediterranean,cheap,Harlem,11:24,19:42,2.4,0
700,The Clam Shack,Thai,expensive,Park Slope,8:54,18:00,1.7,0
701,The Sandwich Shop,Japanese,medium,Bushwick,7:10,19:44,2.7,1
702,The Seafood Nonet,Mexican,medium,Upper East Side,10:39,22:07,3.3,1
703,The Seafood Quattuorvigintet,Mexican,cheap,Harlem,11:57,19:41,2.7,1
704,The Seafood Platter,Mexican,medium,Long Island City,6:15,17:41,4,1
705,The Seafood Platter,Italian,cheap,Long Island City,8:12,23:15,3.1,0
706,The Seafood Sextet,French,cheap,Upper East Side,8:17,20:34,3,1
707,Tasty Tacos,Greek,medium,Bushwick,7:19,18:23,2.9,0
708,The Seafood Trio,French,cheap,Upper East Side,6:59,19:02,3.3,1
709,The Sandwich Shop,Italian,medium,Park Slope,11:26,19:08,3.6,1
710,The Seafood Septenvigintet,Greek,medium,Park Slope,7:31,18:33,1.2,0
711,The Seafood Tower,Greek,cheap,Greenwich Village,9:40,20:59,4.4,1
712,The Bagel Bakery,French,cheap,Astoria,6:35,19:04,2.2,0
713,The Seafood Sextet,Mexican,cheap,Astoria,11:39,18:21,2.7,0
714,The Veggie Patch,Chinese,expensive,Bushwick,9:14,17:20,4.6,1
715,The Seafood Quartet,French,cheap,Astoria,8:31,23:24,2.1,0
716,The Diner,Japanese,cheap,Long Island City,9:33,22:18,3.5,0
717,Mama Mia's Pizzeria,Greek,cheap,Long Island City,8:05,19:28,2,0
718,The Seafood Trio,Mexican,cheap,Greenwich Village,11:11,21:52,4.3,1
719,The Seafood Octovigintet,Chinese,expensive,Astoria,11:42,19:49,2.7,1
720,The Seafood Quindecet,Japanese,cheap,Harlem,6:36,17:51,2.9,1
721,The Fish Market,Mediterranean,expensive,Harlem,6:00,21:12,2.2,1
722,The Seafood Quartet,French,cheap,Park Slope,6:18,22:19,2,0
723,The Hungry Panda,French,medium,Harlem,8:01,19:03,4.7,1
724,The Seafood Quartet,French,cheap,Astoria,9:10,18:33,2.6,0
725,The Falafel House,Italian,expensive,Inwood,10:26,17:56,1.5,0
726,The Clam Shack,Japanese,cheap,Bushwick,9:46,19:14,2.4,1
727,The Seafood Grill,Italian,medium,Greenwich Village,8:02,17:26,1.6,0
728,The Seafood Septendecet,French,expensive,Inwood,7:56,23:32,1.9,1
729,The Seafood Trevigintet,Thai,cheap,Upper East Side,6:14,17:43,1.4,1
730,Noodle Nook,French,expensive,Williamsburg,8:14,18:33,2.2,1
731,The Diner,Thai,expensive,Williamsburg,7:28,17:37,4.5,0
732,The Crab Corner,Japanese,medium,Sunset Park,10:31,17:32,2.5,0
733,The Seafood Duet,Thai,expensive,Harlem,10:17,18:15,3.4,0
734,The Pita Pit,Indian,expensive,Park Slope,11:18,20:08,2.6,0
735,The Seafood Spread,Greek,expensive,Greenwich Village,10:19,22:59,3.4,0
736,Pizza Palace,Thai,cheap,Astoria,9:14,19:44,2.3,0
737,Crispy Chicken Co.,Indian,expensive,Long Island City,10:43,23:08,4.8,1
738,The Seafood Vigintet,Mediterranean,expensive,Inwood,8:18,23:08,3.6,1
739,The Seafood Quinquavigintet,French,expensive,Upper East Side,11:41,22:14,4.6,1
740,The Seafood Novemdecet,Greek,expensive,Inwood,11:45,23:17,1.4,1
741,The Clam Shack,Korean,medium,Long Island City,11:21,20:09,2.7,0
742,Mama Mia's Pizzeria,Mexican,medium,Greenwich Village,11:57,19:27,1.4,1
743,The Seafood Quattuorvigintet,Japanese,medium,Bushwick,7:32,22:12,3.4,1
744,The Cozy Cafe,Japanese,medium,Astoria,11:27,22:18,2.2,0
745,The Seafood Sextet,French,expensive,Inwood,7:20,19:26,1.8,0
746,The Seafood Septenvigintet,Chinese,cheap,Bushwick,6:11,21:45,3.5,1
747,The Seafood Novemvigintet,Italian,expensive,Park Slope,7:22,21:05,4.2,0
748,The Seafood Trevigintet,Thai,cheap,Park Slope,8:01,18:53,4.3,0
749,The Clam Shack,Japanese,medium,Greenwich Village,11:20,17:47,1.6,0
750,The Pho Place,Korean,medium,Long Island City,11:41,21:09,2.5,1
751,The Ramen House,Thai,medium,Sunset Park,9:29,22:37,2.2,0
752,The Seafood Vigintet,Indian,cheap,Long Island City,6:05,18:32,1.3,0
753,The Seafood Vigintet,Thai,expensive,Sunset Park,9:59,17:52,4.5,0
754,The Wok Stop,Korean,medium,Long Island City,8:26,17:58,3,0
755,The Seafood Septendecet,Greek,expensive,Bushwick,6:39,17:05,2.5,0
756,The Seafood Boil,Chinese,medium,Long Island City,10:15,21:45,3.7,1
757,The Hot Dog Stand,Indian,medium,Sunset Park,9:33,23:14,2.7,1
758,The Salad Spot,Mexican,medium,Long Island City,7:08,23:50,1.9,1
759,The Salad Spot,Japanese,medium,Bushwick,10:58,21:11,2,0
760,The Seafood Quattuordecet,Greek,cheap,Upper East Side,10:19,20:37,3.9,0
761,The Seafood Grill,Thai,medium,Upper East Side,7:57,21:20,1.8,1
762,The Seafood Octodecet,Thai,medium,Upper East Side,11:08,19:15,3.2,0
763,The Seafood Sexvigintet,Thai,cheap,Bushwick,10:23,18:56,4.7,1
764,The Seafood Nonet,Italian,medium,Greenwich Village,7:54,23:58,1.5,1
765,The Fish Market,Korean,expensive,Park Slope,11:08,22:16,2.2,0
766,The Donut Den,Mediterranean,expensive,Williamsburg,8:40,20:18,3,0
767,The Seafood Unvigintet,Thai,cheap,Inwood,11:21,20:35,4.6,1
768,The Falafel House,Chinese,cheap,Long Island City,10:13,23:10,1.4,1
769,Taco Time,Korean,medium,Sunset Park,6:31,17:59,3.5,0
770,The Seafood Shack,Thai,cheap,Sunset Park,8:29,20:30,4.5,0
771,The Spice Hut,French,cheap,Astoria,8:50,23:46,3.8,1
772,Tasty Tacos,Chinese,cheap,Long Island City,10:31,18:58,1.8,0
773,The Ice Cream Parlor,Thai,medium,Upper East Side,9:06,19:11,2.2,0
774,The Shrimp Shack,Japanese,cheap,Long Island City,11:59,18:48,3.7,0
775,The Tapas Tavern,Indian,expensive,Williamsburg,8:16,21:11,2.4,1
776,The Seafood Tredecet,French,medium,Upper East Side,11:51,19:45,3.5,1
777,The Seafood Quintet,Mexican,cheap,Long Island City,11:04,18:58,2.2,0
778,Burger Bonanza,French,expensive,Upper East Side,6:17,19:22,4.7,0
779,The Seafood Septenvigintet,Greek,medium,Harlem,7:15,23:27,4.7,0
780,Noodle Nook,Indian,medium,Greenwich Village,8:52,21:06,4.9,0
781,The Seafood Nonet,Chinese,medium,Inwood,11:02,18:06,2.5,1
782,Mama Mia's Pizzeria,Chinese,medium,Bushwick,7:02,22:53,2.2,0
783,The Sandwich Shop,Indian,expensive,Sunset Park,10:41,23:22,1.3,1
784,The Seafood Novemdecet,Chinese,expensive,Astoria,6:02,22:48,4.2,0
785,The Seafood Quartet,Japanese,medium,Harlem,10:00,17:09,1.6,0
786,The Seafood Quartet,Korean,cheap,Upper East Side,11:19,17:45,2.4,1
787,The Seafood Sexdecet,Indian,medium,Upper East Side,8:47,18:49,2.8,0
788,The Seafood Quattuorvigintet,Japanese,cheap,Inwood,11:48,22:53,4.1,1
789,The Seafood Tower,Chinese,cheap,Park Slope,6:18,19:34,3.8,1
790,The Shrimp Shack,French,expensive,Park Slope,11:38,18:47,4.5,1
791,The Fish Fry,Korean,medium,Williamsburg,11:07,18:43,1.5,0
792,The Seafood Trigintet,Greek,cheap,Park Slope,9:49,18:51,3.2,1
793,Seafood Sensations,Chinese,cheap,Park Slope,7:15,18:48,3.2,1
794,The Seafood Novemdecet,Mexican,expensive,Harlem,11:49,17:25,2.8,1
795,The Crab Corner,Thai,medium,Upper East Side,9:46,19:46,3.8,1
796,The Kebab Kitchen,Indian,cheap,Astoria,7:10,21:16,4.3,0
797,The Pho Place,Italian,expensive,Sunset Park,7:33,21:28,3,1
798,The Crab Corner,Mediterranean,cheap,Astoria,11:12,17:39,3.1,1
799,The Clam Shack,Chinese,medium,Astoria,7:21,19:59,3.6,1
800,The Seafood Nonet,Thai,medium,Bushwick,9:15,19:18,2.3,1
801,The Spice Hut,Mediterranean,medium,Upper East Side,6:17,23:34,1.8,0
802,The Fish Fry,Mexican,medium,Astoria,7:02,18:31,2.2,0
803,The Seafood Quintet,Korean,medium,Park Slope,7:32,18:14,2.6,0
804,The Seafood Shack,Indian,expensive,Bushwick,11:15,20:46,3.6,1
805,The Seafood Quattuorvigintet,Indian,cheap,Park Slope,8:11,17:37,2,0
806,The Cheesy Grill,Japanese,cheap,Sunset Park,6:07,23:50,4.4,1
807,The Kebab Kitchen,Indian,cheap,Astoria,7:31,17:05,4,1
808,The Seafood Feast,Thai,medium,Inwood,11:31,22:16,2.3,0
809,The Seafood Sextet,Thai,medium,Greenwich Village,8:24,18:49,1.1,0
810,The Seafood Sexdecet,Korean,expensive,Greenwich Village,10:04,18:21,2.4,1
811,BBQ Barn,Indian,cheap,Greenwich Village,10:40,21:18,1.4,1
812,Sizzling Sushi,Mexican,cheap,Harlem,7:11,19:21,4.7,1
813,The Lobster Roll,Italian,cheap,Astoria,6:42,19:36,4.1,1
814,The Seafood Feast,Mediterranean,expensive,Sunset Park,11:26,21:46,2.8,0
815,The Falafel House,Chinese,expensive,Long Island City,7:49,17:41,4.1,0
816,The Bagel Bakery,Thai,expensive,Greenwich Village,9:30,20:39,3.1,1
817,The Seafood Septet,French,expensive,Inwood,8:12,18:25,1.6,1
818,The Seafood Sextet,Thai,medium,Astoria,10:05,21:36,2,1
819,The Lobster Roll,Mediterranean,cheap,Williamsburg,10:42,21:11,3.7,0
820,The Hungry Panda,Italian,expensive,Park Slope,7:05,20:54,2.5,0
821,The Seafood Trio,Italian,expensive,Sunset Park,10:22,17:06,2.1,0
822,The Seafood Octet,French,medium,Harlem,6:09,23:30,2,0
823,The Seafood Quintet,French,expensive,Long Island City,11:25,23:24,4.9,0
824,The Seafood Octodecet,Greek,cheap,Sunset Park,8:40,18:38,3.6,1
825,Taco Time,French,medium,Inwood,11:21,20:19,1.1,0
826,The Veggie Patch,Mexican,expensive,Greenwich Village,9:28,22:15,3.5,0
827,The Seafood Octodecet,Mediterranean,medium,Bushwick,7:07,20:42,3.2,1
828,The Seafood Boil,Greek,expensive,Greenwich Village,10:59,23:43,1.9,1
829,The Seafood Sextet,Korean,cheap,Sunset Park,11:59,18:35,3.2,1
830,The Bistro,Indian,expensive,Bushwick,10:10,22:45,2.6,1
831,The Seafood Duet,Mexican,expensive,Bushwick,9:26,18:38,2.1,1
832,The Seafood Duodecet,French,cheap,Park Slope,10:57,20:05,3.9,0
833,The Seafood Platter,Japanese,cheap,Upper East Side,10:50,17:08,4.2,1
834,The Lobster Roll,Thai,medium,Williamsburg,6:23,21:28,1.1,1
835,The Fish Fry,Indian,medium,Greenwich Village,8:05,17:35,2.8,1
836,The Seafood Unvigintet,Korean,cheap,Inwood,7:23,19:16,5,0
837,The Seafood Quinquavigintet,Thai,cheap,Long Island City,7:56,17:08,4.1,1
838,The Juice Bar,Indian,medium,Astoria,7:57,19:47,2.5,0
839,The Diner,Korean,medium,Sunset Park,8:41,22:25,4.8,0
840,The Seafood Buffet,Italian,cheap,Greenwich Village,8:42,21:52,1.5,0
841,The Bistro,French,expensive,Sunset Park,9:44,20:53,1.4,0
842,The Fish Fry,Japanese,expensive,Upper East Side,8:45,23:56,3.3,0
843,The Seafood Sampler,Greek,expensive,Harlem,10:19,20:46,1.8,0
844,The Sandwich Shop,Greek,cheap,Sunset Park,6:08,18:56,1.2,1
845,The Breakfast Club,Italian,medium,Sunset Park,11:15,22:39,3,1
846,Sizzling Sushi,Japanese,expensive,Long Island City,6:31,22:20,3.4,0
847,The Ice Cream Parlor,Thai,cheap,Williamsburg,6:28,20:04,2.8,1
848,The Seafood Septendecet,French,expensive,Williamsburg,10:46,17:49,3,1
849,The Lobster Roll,Japanese,medium,Inwood,10:38,23:54,4.7,0
850,The Bagel Bakery,Japanese,expensive,Sunset Park,11:25,22:32,3.1,1
851,The Seafood Octet,French,medium,Williamsburg,10:26,21:44,4.4,1
852,Taco Time,Italian,medium,Sunset Park,8:49,22:47,1.7,0
853,Mama Mia's Pizzeria,Chinese,medium,Williamsburg,10:21,20:24,1,0
854,The Curry House,Indian,medium,Long Island City,7:46,20:52,4.6,0
855,The Seafood Septet,French,cheap,Bushwick,9:49,22:41,4.3,0
856,The Ramen House,Chinese,medium,Astoria,9:04,17:08,4.6,1
857,Sizzling Sushi,Indian,cheap,Bushwick,8:38,22:40,2.3,0
858,The Pasta Place,Greek,expensive,Upper East Side,9:21,23:05,1.7,0
859,The Seafood Tower,Mediterranean,expensive,Bushwick,9:00,20:01,4.2,0
860,The Seafood Feast,Italian,expensive,Harlem,11:58,21:22,1.8,1
861,The Burrito Bowl,Indian,expensive,Park Slope,8:11,17:37,2.9,0
862,The Hot Dog Stand,Japanese,medium,Upper East Side,9:42,22:12,4.8,0
863,Pizza Palace,Chinese,medium,Williamsburg,7:29,19:52,3.8,0
864,The Pita Pit,French,expensive,Bushwick,7:46,19:04,2.2,0
865,The Seafood Sextet,Mediterranean,medium,Inwood,8:16,22:11,2.3,0
866,The Seafood Quintet,Greek,medium,Williamsburg,8:55,17:25,2.5,1
867,The Seafood Sextet,Japanese,cheap,Harlem,8:25,18:30,2.5,0
868,The Seafood Novemvigintet,Chinese,expensive,Park Slope,10:09,22:17,1.1,0
869,Crispy Chicken Co.,Korean,medium,Greenwich Village,9:08,20:49,1,1
870,The Seafood Quattuordecet,Indian,expensive,Park Slope,7:54,21:22,1.9,0
871,The Curry House,Greek,cheap,Park Slope,8:36,22:51,3.5,0
872,The Kebab Kitchen,Italian,expensive,Long Island City,10:15,22:33,4,0
873,The Gyro Grill,Mexican,expensive,Williamsburg,8:22,20:44,3.2,1
874,Wing World,Thai,medium,Greenwich Village,6:57,18:29,4.4,0
875,The Seafood Sampler,Thai,expensive,Inwood,9:49,17:13,1.7,1
876,The Seafood Octet,Chinese,cheap,Sunset Park,6:54,21:42,4.1,1
877,The Pho Place,Mediterranean,cheap,Williamsburg,7:35,17:12,3.5,0
878,The Seafood Nonet,Chinese,medium,Greenwich Village,6:14,21:46,2.5,1
879,The Seafood Octodecet,Indian,expensive,Long Island City,10:28,20:07,4.8,0
880,The Hot Dog Stand,Indian,expensive,Harlem,7:40,17:22,3.4,0
881,The Burrito Bowl,Greek,expensive,Astoria,9:26,18:49,3.1,1
882,The Seafood Quartet,Mediterranean,expensive,Inwood,6:09,23:37,4.2,1
883,Sizzling Sushi,Korean,medium,Park Slope,10:45,18:27,3.1,1
884,The Cheesy Grill,Japanese,cheap,Bushwick,7:57,19:06,3.6,1
885,The Oyster Bar,Mediterranean,expensive,Greenwich Village,10:48,20:55,4.3,0
886,BBQ Barn,French,cheap,Astoria,10:38,23:09,1.2,1
887,The Seafood Buffet,Japanese,expensive,Upper East Side,7:50,20:23,4.7,0
888,The Shrimp Shack,Thai,cheap,Greenwich Village,9:24,17:58,3.3,0
889,The Seafood Boil,Indian,medium,Astoria,8:30,22:53,3.1,1
890,The Seafood Decet,Mediterranean,expensive,Williamsburg,8:55,20:59,1,1
891,The Dim Sum Spot,Korean,expensive,Sunset Park,10:42,21:30,4.7,1
892,The Seafood Undecet,Greek,cheap,Upper East Side,7:48,20:35,1.6,1
893,Brews & Bites,Chinese,cheap,Park Slope,7:53,21:15,1.4,1
894,The Seafood Sextet,Thai,expensive,Astoria,10:31,21:35,4.3,0
895,The Sandwich Shop,Chinese,expensive,Bushwick,9:51,17:07,4.5,1
896,The Crab Corner,Italian,expensive,Astoria,6:25,21:44,1.3,0
897,Pizza Palace,Thai,expensive,Astoria,8:43,17:31,2.2,0
898,The Seafood Quattuordecet,Greek,cheap,Inwood,11:54,19:37,3.2,0
899,Seafood Sensations,Mexican,expensive,Bushwick,10:46,23:16,3.9,0
900,The Seafood Boil,Indian,expensive,Inwood,9:39,20:50,2.1,1
901,The Seafood Septendecet,Thai,cheap,Inwood,6:48,19:58,4.4,1
902,The Coffee Corner,French,medium,Harlem,10:41,19:01,3.6,1
903,The Seafood Trigintet,Greek,cheap,Astoria,6:37,19:49,4.1,1
904,The Pita Pit,Indian,expensive,Williamsburg,9:47,18:28,2.6,1
905,The Seafood Sexdecet,French,cheap,Williamsburg,6:40,21:39,3,1
906,The Seafood Sexvigintet,French,medium,Sunset Park,6:52,21:59,1.7,1
907,The Seafood Feast,Italian,medium,Astoria,6:42,23:25,1.8,1
908,The Seafood Septet,Italian,medium,Long Island City,11:24,23:32,4.9,1
909,The Seafood Trio,Mediterranean,expensive,Harlem,10:38,20:05,1.8,0
910,The Seafood Octet,Indian,expensive,Williamsburg,8:28,21:26,3.9,0
911,The Seafood Octovigintet,Mexican,cheap,Inwood,9:56,17:15,3.5,1
912,The Gyro Grill,French,cheap,Long Island City,8:33,17:08,1.8,1
913,The Seafood Undecet,Korean,cheap,Astoria,11:38,19:22,3.7,1
914,The Tapas Tavern,Indian,cheap,Astoria,9:21,18:57,1.6,0
915,The Seafood Buffet,Mexican,medium,Inwood,9:16,20:46,1.1,1
916,The Gyro Grill,Chinese,cheap,Upper East Side,8:48,22:37,3.8,0
917,The Seafood Quintet,Mexican,cheap,Sunset Park,10:42,18:25,3.1,1
918,The Wok Stop,French,medium,Astoria,6:40,17:26,4.6,1
919,The Falafel House,Indian,medium,Park Slope,11:26,17:40,3.5,1
920,The Breakfast Club,Korean,expensive,Harlem,8:58,17:11,3.6,0
921,Seafood Sensations,French,medium,Harlem,10:07,18:24,4.3,1
922,The Seafood Sextet,Mexican,cheap,Long Island City,11:10,18:14,3,0
923,Tasty Tacos,Mediterranean,medium,Inwood,6:08,19:52,2,1
924,Sizzling Sushi,Greek,medium,Williamsburg,7:59,20:57,4.9,1
925,The Seafood Quindecet,Mediterranean,expensive,Park Slope,6:25,22:06,1,1
926,Pizza Palace,Mediterranean,expensive,Long Island City,6:08,21:06,4.1,1
927,The Seafood Nonet,Italian,cheap,Inwood,9:31,17:58,3.7,1
928,The Seafood Nonet,Thai,cheap,Bushwick,10:16,23:49,4.1,0
929,The Salad Spot,Mexican,expensive,Astoria,7:08,18:58,4.4,1
930,BBQ Barn,Thai,medium,Park Slope,9:24,23:01,1.3,1
931,The Seafood Sextet,Japanese,expensive,Long Island City,11:45,22:51,3.3,0
932,The Seafood Quintet,Italian,cheap,Upper East Side,10:51,20:28,2.5,1
933,The Seafood Septendecet,Indian,expensive,Harlem,8:43,17:28,1.4,0
934,Pizza Palace,Mexican,medium,Williamsburg,9:30,23:01,3.7,1
935,The Pho Place,Italian,medium,Greenwich Village,10:03,20:30,3.2,1
936,The Donut Den,Korean,expensive,Bushwick,8:30,20:44,4.4,0
937,The Gyro Grill,Chinese,cheap,Upper East Side,6:48,20:39,4.4,0
938,Brews & Bites,French,expensive,Williamsburg,6:45,19:29,3.5,1
939,The Gyro Grill,Thai,medium,Astoria,9:57,19:49,4.9,1
940,The Seafood Trevigintet,Korean,expensive,Bushwick,7:43,22:49,4.5,1
941,The Seafood Buffet,Italian,cheap,Astoria,7:01,20:37,2.1,1
942,The Seafood Sexvigintet,Korean,expensive,Upper East Side,10:22,22:13,3.2,1
943,The Falafel House,Italian,expensive,Bushwick,7:39,20:45,2.4,1
944,The Sweet Tooth,Thai,expensive,Park Slope,8:31,19:48,5,0
945,The Ramen House,Korean,cheap,Long Island City,11:09,18:01,1.9,1
946,The Seafood Trigintet,Japanese,cheap,Bushwick,6:42,22:10,1.6,0
947,The Fish Market,Greek,expensive,Sunset Park,11:45,23:33,4.5,1
948,The Seafood Sextet,Greek,cheap,Sunset Park,10:50,20:22,1.4,1
949,The Seafood Nonet,Chinese,expensive,Sunset Park,11:21,18:23,4.2,1
950,The Kebab Kitchen,Mexican,medium,Bushwick,6:41,20:57,1.3,0
951,The Seafood Septet,Chinese,medium,Inwood,8:47,20:59,3.4,0
952,The Kebab Kitchen,Korean,expensive,Harlem,7:25,22:12,1.1,1
953,The Oyster Bar,Greek,cheap,Williamsburg,9:00,21:37,4.8,0
954,The BBQ Joint,Thai,expensive,Inwood,11:34,21:03,2.2,1
955,The Crepe Cafe,Mexican,expensive,Upper East Side,7:32,18:52,2.9,0
956,The Seafood Sampler,Mediterranean,medium,Upper East Side,11:43,18:01,4.2,0
957,The Lobster Roll,Korean,medium,Upper East Side,8:43,17:42,1.7,1
958,The Seafood Quartet,Japanese,expensive,Williamsburg,11:00,22:05,1.8,1
959,The Seafood Tredecet,Mexican,expensive,Inwood,6:18,23:40,3,1
960,The Seafood Septet,Thai,medium,Greenwich Village,10:43,18:13,1.5,1
961,Brews & Bites,Korean,cheap,Park Slope,8:35,21:45,1,0
962,The Seafood Quindecet,Mediterranean,expensive,Greenwich Village,8:03,23:47,3.4,1
963,The Veggie Patch,Indian,medium,Inwood,6:52,18:18,4.6,1
964,Pizza Palace,French,medium,Harlem,10:17,19:44,3.9,0
965,The Seafood Sampler,Chinese,cheap,Inwood,8:57,22:44,4.7,1
966,The Seafood Tower,Chinese,expensive,Upper East Side,8:13,17:03,3.2,1
967,The Tapas Tavern,Italian,medium,Park Slope,11:32,23:51,4.7,0
968,The Seafood Quintet,Italian,cheap,Bushwick,7:10,19:36,1.6,1
969,The Wok Stop,Thai,expensive,Long Island City,6:06,20:16,4,1
970,The Juice Bar,Italian,medium,Long Island City,9:33,22:25,3,1
971,The Seafood Sextet,French,cheap,Long Island City,6:12,21:05,4.6,0
972,The Bagel Bakery,Japanese,cheap,Harlem,10:43,19:28,4,1
973,The Seafood Quartet,Thai,expensive,Greenwich Village,9:48,18:58,1.3,0
974,The BBQ Joint,Greek,medium,Astoria,7:10,17:18,1.1,1
975,The Pho Place,Mexican,expensive,Park Slope,8:23,23:51,1.5,0
976,The Seafood Septendecet,Thai,medium,Park Slope,8:18,20:09,2.2,1
977,The Seafood Trio,Chinese,medium,Astoria,8:45,19:45,2.4,0
978,The Fish Fry,French,cheap,Park Slope,11:09,23:51,2.1,1
979,The Seafood Octet,Mexican,medium,Inwood,6:42,18:58,3,1
980,The Seafood Feast,Thai,expensive,Sunset Park,6:55,17:02,5,1
981,The Wok Stop,Chinese,expensive,Long Island City,10:18,20:21,2.2,0
982,The Seafood Undecet,Italian,medium,Williamsburg,6:53,21:09,4.3,0
983,The Seafood Vigintet,French,medium,Bushwick,11:42,19:34,3.5,0
984,The Donut Den,French,cheap,Harlem,9:38,22:20,3.7,1
985,The Seafood Sexvigintet,Japanese,medium,Park Slope,11:38,21:16,4.8,0
986,The Cozy Cafe,Greek,medium,Long Island City,6:15,22:49,4.5,0
987,The Falafel House,Japanese,medium,Upper East Side,11:42,22:26,2.6,1
988,The Seafood Septet,Chinese,medium,Long Island City,6:26,19:54,1.9,0
989,The Crab Corner,Japanese,cheap,Astoria,10:01,22:04,2.5,0
990,The Seafood Decet,Chinese,expensive,Park Slope,10:26,22:01,2.1,1
991,The Seafood Vigintet,Italian,medium,Sunset Park,10:33,23:40,4.7,0
992,Burger Bonanza,Indian,expensive,Upper East Side,10:00,22:15,4.4,1
993,The Curry House,Indian,medium,Harlem,11:11,23:23,3,1
994,The BBQ Joint,French,medium,Bushwick,11:21,19:20,2.1,0
995,The Cheesy Grill,Japanese,medium,Bushwick,10:54,23:11,2.3,0
996,The Bagel Bakery,Mexican,medium,Upper East Side,7:15,18:43,2.3,0
997,The Seafood Quindecet,Italian,medium,Astoria,10:04,19:27,3.1,0
998,The Fish Market,Mexican,cheap,Long Island City,9:44,22:58,2.4,1
999,The Ice Cream Parlor,Mexican,medium,Astoria,11:58,19:09,1.2,1
1000,Mama Mia's Pizzeria,Indian,cheap,Williamsburg,7:55,19:48,3,1